time,x,y,z,yaw_deg,vx,vy,speed,cmd_vx,cmd_vy,cmd_wz
1775255859.236,3.1581,0.3591,0.0551,-105.9,-0.000,-0.000,0.000,0.00,0.00,0.00
1775255859.289,3.1581,0.3590,0.0552,-105.9,-0.000,-0.001,0.001,0.00,0.00,0.00
1775255859.343,3.1581,0.3590,0.0553,-105.9,-0.000,-0.001,0.001,0.00,0.00,0.00
1775255859.396,3.1581,0.3588,0.0555,-105.9,-0.001,-0.003,0.003,0.00,0.00,0.00
1775255859.449,3.1581,0.3587,0.0555,-105.9,-0.000,-0.003,0.003,0.00,0.00,0.00
1775255859.503,3.1580,0.3585,0.0553,-105.9,-0.000,-0.004,0.004,0.00,0.00,0.00
1775255859.556,3.1580,0.3583,0.0552,-105.9,-0.000,-0.004,0.004,0.00,0.00,0.00
1775255859.609,3.1580,0.3581,0.0552,-105.9,-0.001,-0.003,0.004,0.00,0.00,0.00
1775255859.663,3.1580,0.3579,0.0552,-105.9,-0.000,-0.003,0.003,0.00,0.00,0.00
1775255859.716,3.1579,0.3577,0.0551,-105.9,-0.000,-0.004,0.004,0.00,0.00,0.00
1775255859.769,3.1579,0.3575,0.0550,-105.9,-0.001,-0.004,0.004,0.00,0.00,0.00
1775255859.823,3.1579,0.3576,0.0551,-105.9,0.001,0.001,0.002,0.00,0.00,0.00
1775255859.876,3.1583,0.3588,0.0583,-105.9,0.007,0.023,0.024,0.00,0.00,0.00
1775255859.929,3.1593,0.3617,0.0652,-105.9,0.018,0.055,0.058,0.00,0.00,0.00
1775255859.983,3.1610,0.3674,0.0772,-105.9,0.033,0.106,0.111,0.00,0.00,0.00
1775255860.036,3.1631,0.3746,0.0948,-105.9,0.038,0.136,0.141,0.00,0.00,0.00
1775255860.089,3.1647,0.3803,0.1159,-106.0,0.030,0.106,0.110,0.00,0.00,0.00
1775255860.143,3.1656,0.3840,0.1408,-106.0,0.018,0.070,0.072,0.00,0.00,0.00
1775255860.196,3.1660,0.3854,0.1659,-106.0,0.006,0.027,0.028,0.00,0.00,0.00
1775255860.249,3.1656,0.3849,0.1900,-106.0,-0.006,-0.011,0.012,0.00,0.00,0.00
1775255860.303,3.1647,0.3823,0.2136,-106.1,-0.017,-0.049,0.052,0.00,0.00,0.00
1775255860.356,3.1635,0.3787,0.2361,-106.1,-0.024,-0.067,0.071,0.00,0.00,0.00
1775255860.409,3.1623,0.3752,0.2571,-106.1,-0.022,-0.065,0.069,0.00,0.00,0.00
1775255860.463,3.1609,0.3712,0.2774,-106.2,-0.025,-0.074,0.078,0.00,0.00,0.00
1775255860.516,3.1592,0.3662,0.2971,-106.3,-0.032,-0.094,0.099,0.00,0.00,0.00
1775255860.569,3.1576,0.3611,0.3111,-106.4,-0.030,-0.096,0.101,0.00,0.00,0.00
1775255860.623,3.1560,0.3549,0.3188,-106.4,-0.031,-0.117,0.121,0.00,0.00,0.00
1775255860.676,3.1545,0.3500,0.3220,-106.4,-0.026,-0.092,0.095,0.00,0.00,0.00
1775255860.737,3.1534,0.3464,0.3239,-106.5,-0.018,-0.059,0.061,0.00,0.00,0.00
1775255860.789,3.1531,0.3455,0.3246,-106.6,-0.007,-0.017,0.019,0.00,0.00,0.00
1775255860.843,3.1533,0.3461,0.3249,-106.6,0.005,0.012,0.013,0.00,0.00,0.00
1775255860.896,3.1538,0.3476,0.3250,-106.6,0.009,0.028,0.029,0.00,0.00,0.00
1775255860.949,3.1542,0.3492,0.3251,-106.5,0.008,0.030,0.031,0.00,0.00,0.00
1775255861.003,3.1546,0.3509,0.3251,-106.6,0.007,0.031,0.032,0.00,0.00,0.00
1775255861.056,3.1548,0.3517,0.3251,-106.6,0.004,0.015,0.015,0.00,0.00,0.00
1775255861.109,3.1548,0.3516,0.3250,-106.5,0.000,-0.000,0.000,0.00,0.00,0.00
1775255861.166,3.1547,0.3512,0.3251,-106.6,-0.002,-0.008,0.008,0.00,0.00,0.00
1775255861.219,3.1546,0.3508,0.3251,-106.6,-0.003,-0.007,0.007,0.00,0.00,0.00
1775255861.276,3.1545,0.3506,0.3251,-106.6,-0.001,-0.004,0.004,0.00,0.00,0.00
1775255861.329,3.1545,0.3506,0.3251,-106.6,0.001,-0.000,0.001,0.00,0.00,0.00
1775255861.383,3.1546,0.3507,0.3251,-106.6,0.001,0.001,0.002,0.00,0.00,0.00
1775255861.436,3.1545,0.3507,0.3251,-106.6,-0.001,0.001,0.001,0.00,0.00,0.00
1775255861.489,3.1545,0.3507,0.3251,-106.6,-0.000,-0.000,0.000,0.00,0.00,0.00
1775255861.542,3.1546,0.3507,0.3251,-106.6,0.001,-0.001,0.002,0.00,0.00,0.00
1775255861.596,3.1546,0.3507,0.3251,-106.6,0.000,-0.000,0.000,0.00,0.00,0.00
1775255861.649,3.1546,0.3507,0.3251,-106.6,-0.001,0.000,0.001,0.00,0.00,0.00
1775255861.703,3.1545,0.3507,0.3251,-106.6,-0.000,-0.000,0.001,0.00,0.00,0.00
1775255861.756,3.1546,0.3507,0.3251,-106.6,0.001,0.000,0.001,0.00,0.00,0.00
1775255861.809,3.1546,0.3506,0.3251,-106.6,0.000,-0.001,0.001,0.00,0.00,0.00
1775255861.862,3.1546,0.3506,0.3251,-106.6,-0.001,0.001,0.001,0.00,0.00,0.00
1775255861.916,3.1545,0.3506,0.3251,-106.6,-0.001,-0.000,0.001,0.00,0.00,0.00
1775255861.969,3.1546,0.3506,0.3251,-106.6,0.001,0.000,0.001,0.00,0.00,0.00
1775255862.022,3.1547,0.3506,0.3251,-106.5,0.002,-0.000,0.002,0.00,0.00,0.00
1775255862.076,3.1546,0.3506,0.3251,-106.6,-0.001,-0.000,0.001,0.00,0.00,0.00
1775255862.129,3.1545,0.3506,0.3251,-106.6,-0.002,0.000,0.002,0.00,0.00,0.00
1775255862.182,3.1546,0.3506,0.3251,-106.6,0.000,-0.000,0.000,0.00,0.00,0.00
1775255862.236,3.1583,0.3568,0.3233,-106.5,0.070,0.117,0.136,0.00,0.00,0.00
1775255862.289,3.1608,0.3591,0.3231,-106.1,0.047,0.043,0.063,0.00,0.00,0.00
1775255862.342,3.1633,0.3601,0.3208,-105.6,0.046,0.018,0.050,0.00,0.00,0.00
1775255862.396,3.1648,0.3609,0.3179,-105.2,0.028,0.014,0.031,0.00,0.00,0.00
1775255862.449,3.1657,0.3600,0.3168,-104.9,0.017,-0.016,0.023,0.00,0.00,0.00
1775255862.503,3.1657,0.3583,0.3161,-104.6,0.001,-0.032,0.032,0.00,0.00,0.00
1775255862.556,3.1651,0.3559,0.3154,-104.3,-0.011,-0.045,0.047,0.00,0.00,0.00
1775255862.609,3.1646,0.3541,0.3150,-104.1,-0.011,-0.034,0.036,0.00,0.00,0.00
1775255862.662,3.1641,0.3527,0.3145,-104.0,-0.010,-0.026,0.028,0.00,0.00,0.00
1775255862.716,3.1641,0.3516,0.3141,-103.8,0.000,-0.021,0.021,0.00,0.00,0.00
1775255862.769,3.1642,0.3511,0.3139,-103.7,0.003,-0.009,0.010,0.00,0.00,0.00
1775255862.822,3.1643,0.3508,0.3138,-103.7,0.001,-0.005,0.006,0.00,0.00,0.00
1775255862.876,3.1642,0.3506,0.3138,-103.6,-0.002,-0.004,0.004,0.00,0.00,0.00
1775255862.929,3.1641,0.3504,0.3137,-103.6,-0.002,-0.004,0.004,0.00,0.00,0.00
1775255862.982,3.1641,0.3501,0.3137,-103.6,-0.000,-0.006,0.006,0.00,0.00,0.00
1775255863.036,3.1639,0.3497,0.3136,-103.6,-0.003,-0.007,0.007,0.00,0.00,0.00
1775255863.089,3.1637,0.3493,0.3136,-103.5,-0.004,-0.009,0.010,0.00,0.00,0.00
1775255863.142,3.1636,0.3488,0.3136,-103.5,-0.003,-0.008,0.008,0.00,0.00,0.00
1775255863.196,3.1635,0.3485,0.3136,-103.5,-0.001,-0.007,0.007,0.00,0.00,0.00
1775255863.249,3.1634,0.3481,0.3136,-103.5,-0.002,-0.007,0.007,0.00,0.00,0.00
1775255863.302,3.1633,0.3479,0.3135,-103.5,-0.003,-0.005,0.006,0.00,0.00,0.00
1775255863.356,3.1632,0.3475,0.3135,-103.5,-0.001,-0.006,0.006,0.00,0.00,0.00
1775255863.406,3.1632,0.3473,0.3135,-103.5,0.000,-0.004,0.004,0.00,0.00,0.00
1775255863.459,3.1632,0.3471,0.3135,-103.4,-0.001,-0.005,0.005,0.00,0.00,0.00
1775255863.512,3.1631,0.3468,0.3135,-103.5,-0.002,-0.006,0.006,0.00,0.00,0.00
1775255863.566,3.1630,0.3465,0.3135,-103.4,-0.002,-0.005,0.006,0.00,0.00,0.00
1775255863.619,3.1630,0.3462,0.3135,-103.4,0.000,-0.005,0.005,0.00,0.00,0.00
1775255863.672,3.1630,0.3460,0.3135,-103.4,0.000,-0.004,0.004,0.00,0.00,0.00
1775255863.726,3.1629,0.3458,0.3135,-103.4,-0.002,-0.003,0.004,0.00,0.00,0.00
1775255863.779,3.1628,0.3457,0.3134,-103.4,-0.002,-0.002,0.003,0.00,0.00,0.00
1775255863.832,3.1628,0.3456,0.3134,-103.4,0.001,-0.003,0.003,0.00,0.00,0.00
1775255863.886,3.1628,0.3456,0.3133,-103.4,0.000,-0.000,0.000,0.00,0.00,0.00
1775255863.939,3.1628,0.3455,0.3133,-103.4,-0.001,-0.002,0.002,0.00,0.00,0.00
1775255863.992,3.1626,0.3454,0.3133,-103.4,-0.003,-0.002,0.003,0.00,0.00,0.00
1775255864.046,3.1626,0.3451,0.3134,-103.4,-0.000,-0.005,0.005,0.00,0.00,0.00
1775255864.099,3.1626,0.3449,0.3134,-103.4,0.000,-0.005,0.005,0.00,0.00,0.00
1775255864.152,3.1626,0.3447,0.3133,-103.4,-0.001,-0.004,0.004,0.00,0.00,0.00
1775255864.206,3.1625,0.3445,0.3133,-103.4,-0.002,-0.003,0.003,0.00,0.00,0.00
1775255864.259,3.1625,0.3444,0.3133,-103.4,-0.000,-0.001,0.001,0.00,0.00,0.00
1775255864.312,3.1625,0.3444,0.3133,-103.4,0.001,-0.001,0.002,0.00,0.00,0.00
1775255864.366,3.1625,0.3443,0.3133,-103.3,0.000,-0.001,0.001,0.00,0.00,0.00
1775255864.419,3.1624,0.3444,0.3133,-103.3,-0.002,0.001,0.002,0.00,0.00,0.00
1775255864.472,3.1624,0.3444,0.3133,-103.3,-0.000,0.000,0.000,0.00,0.00,0.00
1775255864.526,3.1625,0.3443,0.3133,-103.3,0.001,-0.001,0.002,0.00,0.00,0.00
1775255864.579,3.1626,0.3443,0.3133,-103.3,0.001,-0.000,0.001,0.00,0.00,0.00
1775255864.632,3.1625,0.3443,0.3133,-103.3,-0.001,0.000,0.002,0.00,0.00,0.00
1775255864.686,3.1624,0.3444,0.3132,-103.3,-0.001,0.000,0.001,0.00,0.00,0.00
1775255864.739,3.1625,0.3443,0.3132,-103.3,0.001,-0.000,0.001,0.00,0.00,0.00
1775255864.792,3.1625,0.3443,0.3132,-103.3,0.001,-0.001,0.001,0.00,0.00,0.00
1775255864.845,3.1625,0.3442,0.3132,-103.3,-0.001,-0.001,0.001,0.00,0.00,0.00
1775255864.899,3.1624,0.3443,0.3132,-103.3,-0.001,0.001,0.002,0.00,0.00,0.00
1775255864.952,3.1625,0.3443,0.3132,-103.3,0.001,-0.001,0.002,0.00,0.00,0.00
1775255865.006,3.1625,0.3443,0.3133,-103.3,0.001,0.001,0.001,0.00,0.00,0.00
1775255865.061,3.1625,0.3443,0.3133,-103.3,-0.001,-0.000,0.001,0.00,0.00,0.00
1775255865.112,3.1624,0.3443,0.3133,-103.3,-0.002,0.001,0.002,0.00,0.00,0.00
1775255865.166,3.1624,0.3443,0.3133,-103.3,-0.000,-0.000,0.000,0.00,0.00,0.00
1775255865.219,3.1625,0.3443,0.3133,-103.3,0.002,-0.001,0.002,0.00,0.00,0.00
1775255865.272,3.1625,0.3443,0.3133,-103.3,-0.000,-0.000,0.000,0.00,0.00,0.00
1775255865.326,3.1624,0.3442,0.3133,-103.3,-0.002,-0.001,0.002,0.00,0.00,0.00
1775255865.382,3.1624,0.3442,0.3133,-103.3,-0.000,-0.001,0.001,0.00,0.00,0.00
1775255865.435,3.1625,0.3441,0.3133,-103.3,0.002,-0.002,0.003,0.00,0.00,0.00
1775255865.489,3.1625,0.3440,0.3133,-103.3,0.001,-0.001,0.001,0.00,0.00,0.00
1775255865.542,3.1624,0.3441,0.3133,-103.3,-0.001,0.001,0.002,0.00,0.00,0.00
1775255865.595,3.1624,0.3441,0.3133,-103.3,-0.001,0.000,0.001,0.00,0.00,0.00
1775255865.649,3.1624,0.3440,0.3133,-103.3,0.001,-0.002,0.002,0.00,0.00,0.00
1775255865.702,3.1625,0.3440,0.3133,-103.3,0.001,-0.001,0.001,0.00,0.00,0.00
1775255865.755,3.1624,0.3440,0.3133,-103.3,-0.001,0.001,0.001,0.00,0.00,0.00
1775255865.809,3.1623,0.3440,0.3133,-103.3,-0.002,-0.000,0.002,0.00,0.00,0.00
1775255865.862,3.1623,0.3439,0.3133,-103.3,0.000,-0.001,0.001,0.00,0.00,0.00
1775255865.912,3.1624,0.3438,0.3132,-103.3,0.002,-0.002,0.003,0.00,0.00,0.00
1775255865.965,3.1624,0.3437,0.3133,-103.3,0.000,-0.001,0.001,0.00,0.00,0.00
1775255866.019,3.1623,0.3437,0.3133,-103.3,-0.002,-0.000,0.002,0.00,0.00,0.00
1775255866.073,3.1623,0.3437,0.3132,-103.3,-0.001,-0.001,0.001,0.00,0.00,0.00
1775255866.127,3.1623,0.3436,0.3132,-103.3,0.001,-0.002,0.003,0.00,0.00,0.00
1775255866.179,3.1624,0.3435,0.3132,-103.3,0.001,-0.001,0.001,0.00,0.00,0.00
1775255866.229,3.1623,0.3435,0.3132,-103.3,-0.001,0.000,0.001,0.00,0.00,0.00
1775255866.282,3.1622,0.3436,0.3132,-103.3,-0.001,0.000,0.002,0.00,0.00,0.00
1775255866.333,3.1623,0.3436,0.3132,-103.3,0.001,0.000,0.001,0.00,0.00,0.00
1775255866.385,3.1624,0.3436,0.3132,-103.3,0.002,-0.000,0.002,0.00,0.00,0.00
1775255866.439,3.1624,0.3435,0.3132,-103.3,-0.001,-0.001,0.001,0.00,0.00,0.00
1775255866.492,3.1623,0.3435,0.3132,-103.3,-0.002,0.000,0.002,0.00,0.00,0.00
1775255866.545,3.1623,0.3435,0.3132,-103.3,0.001,-0.000,0.001,0.00,0.00,0.00
1775255866.599,3.1624,0.3435,0.3132,-103.3,0.001,-0.001,0.001,0.00,0.00,0.00
1775255866.652,3.1624,0.3436,0.3135,-103.3,0.000,0.002,0.002,-1.50,0.00,0.00
1775255866.705,3.1649,0.3479,0.3133,-103.4,0.048,0.081,0.094,-1.50,0.00,0.00
1775255866.759,3.1656,0.3573,0.3129,-103.3,0.012,0.176,0.176,-1.50,0.00,0.00
1775255866.812,3.1633,0.3721,0.3131,-103.0,-0.042,0.279,0.282,-1.50,0.00,0.00
1775255866.865,3.1608,0.3928,0.3137,-102.6,-0.047,0.386,0.389,-1.50,0.00,0.00
1775255866.922,3.1611,0.4313,0.3116,-102.2,0.004,0.680,0.680,-1.50,0.00,0.00
1775255866.975,3.1655,0.4688,0.3152,-101.5,0.083,0.705,0.710,-1.50,0.00,0.00
1775255867.029,3.1928,0.5329,0.3128,-101.8,0.511,1.200,1.304,-1.50,0.00,0.00
1775255867.082,3.2065,0.5801,0.3138,-101.8,0.258,0.886,0.922,-1.50,0.00,0.00
1775255867.135,3.2123,0.6245,0.3027,-102.2,0.109,0.833,0.840,-1.50,0.00,0.00
1775255867.189,3.2186,0.6766,0.3062,-102.1,0.118,0.976,0.983,-1.50,0.00,0.00
1775255867.242,3.2271,0.7413,0.3121,-101.9,0.159,1.217,1.227,-1.50,0.00,0.00
1775255867.295,3.2339,0.7974,0.3061,-101.6,0.128,1.050,1.058,-1.50,0.00,0.00
1775255867.349,3.2419,0.8536,0.3082,-101.5,0.151,1.054,1.064,-1.50,0.00,0.00
1775255867.402,3.2539,0.9196,0.3136,-101.5,0.225,1.235,1.255,-1.50,0.00,0.00
1775255867.455,3.2674,0.9719,0.3115,-101.5,0.252,0.981,1.013,0.00,0.00,0.00
1775255867.509,3.2755,1.0237,0.3119,-101.7,0.153,0.973,0.985,0.00,0.00,0.00
1775255867.562,3.2893,1.0827,0.3146,-101.7,0.257,1.104,1.133,0.00,0.00,0.00
1775255867.615,3.2923,1.1252,0.3104,-101.9,0.057,0.798,0.800,0.00,0.00,0.00
1775255867.669,3.3014,1.1640,0.3130,-101.5,0.172,0.729,0.749,0.00,0.00,0.00
1775255867.722,3.3049,1.2067,0.3175,-101.4,0.065,0.798,0.800,0.00,0.00,0.00
1775255867.775,3.3097,1.2431,0.3160,-101.6,0.091,0.684,0.690,0.00,0.00,0.00
1775255867.829,3.3230,1.2590,0.3161,-101.6,0.249,0.299,0.389,0.00,0.00,0.00
1775255867.885,3.3270,1.2841,0.3158,-101.9,0.071,0.441,0.447,0.00,0.00,0.00
1775255867.938,3.3334,1.3092,0.3168,-102.2,0.119,0.472,0.487,0.00,0.00,0.00
1775255867.992,3.3378,1.3276,0.3176,-102.4,0.083,0.344,0.354,0.00,0.00,0.00
1775255868.045,3.3431,1.3437,0.3178,-102.5,0.099,0.303,0.319,0.00,0.00,0.00
1775255868.099,3.3462,1.3536,0.3167,-102.6,0.058,0.186,0.195,0.00,0.00,0.00
1775255868.155,3.3487,1.3594,0.3161,-102.5,0.044,0.101,0.110,0.00,0.00,-0.80
1775255868.209,3.3492,1.3626,0.3153,-102.8,0.011,0.061,0.062,0.00,0.00,-0.80
1775255868.262,3.3501,1.3638,0.3148,-103.7,0.016,0.022,0.027,0.00,0.00,-0.80
1775255868.315,3.3512,1.3632,0.3157,-105.2,0.021,-0.012,0.024,0.00,0.00,-0.80
1775255868.369,3.3522,1.3619,0.3161,-107.2,0.018,-0.024,0.031,0.00,0.00,-0.80
1775255868.422,3.3536,1.3599,0.3169,-109.9,0.027,-0.038,0.046,0.00,0.00,-0.80
1775255868.475,3.3560,1.3586,0.3180,-112.9,0.044,-0.023,0.050,0.00,0.00,-0.80
1775255868.528,3.3595,1.3565,0.3190,-116.7,0.066,-0.041,0.078,0.00,0.00,-0.80
1775255868.582,3.3628,1.3554,0.3197,-120.7,0.061,-0.021,0.065,0.00,0.00,-0.80
1775255868.636,3.3658,1.3549,0.3196,-125.1,0.055,-0.008,0.055,0.00,0.00,0.00
1775255868.688,3.3700,1.3536,0.3188,-129.5,0.081,-0.025,0.084,0.00,0.00,0.00
1775255868.742,3.3732,1.3517,0.3179,-133.3,0.061,-0.036,0.071,0.00,0.00,0.00
1775255868.795,3.3746,1.3497,0.3181,-136.2,0.026,-0.037,0.045,0.00,0.00,0.00
1775255868.848,3.3755,1.3492,0.3169,-139.0,0.017,-0.010,0.020,0.00,0.00,0.00
1775255868.902,3.3757,1.3486,0.3151,-141.3,0.003,-0.010,0.010,0.00,0.00,0.00
1775255868.955,3.3730,1.3464,0.3126,-143.4,-0.050,-0.041,0.065,1.50,0.00,0.00
1775255869.008,3.3697,1.3426,0.3110,-144.8,-0.062,-0.072,0.095,1.50,0.00,0.00
1775255869.062,3.3605,1.3339,0.3111,-146.1,-0.174,-0.164,0.239,1.50,0.00,0.00
1775255869.115,3.3486,1.3237,0.3118,-147.0,-0.223,-0.191,0.294,1.50,0.00,0.00
1775255869.168,3.3332,1.3125,0.3124,-147.9,-0.288,-0.210,0.356,1.50,0.00,0.00
1775255869.222,3.3048,1.2915,0.3127,-148.8,-0.531,-0.394,0.662,1.50,0.00,0.00
1775255869.275,3.2712,1.2687,0.3137,-149.3,-0.631,-0.426,0.761,1.50,0.00,0.00
1775255869.328,3.2346,1.2498,0.3124,-149.5,-0.688,-0.355,0.774,1.50,0.00,0.00
1775255869.382,3.1933,1.2243,0.3136,-150.3,-0.774,-0.480,0.911,1.50,0.00,0.00
1775255869.435,3.1451,1.2011,0.3186,-150.7,-0.903,-0.433,1.002,1.50,0.00,0.00
1775255869.488,3.1142,1.1858,0.3112,-151.1,-0.579,-0.288,0.646,1.50,0.00,0.00
1775255869.542,3.0389,1.1527,0.3134,-151.5,-1.413,-0.621,1.543,0.00,0.00,0.00
1775255869.595,2.9820,1.1219,0.2992,-151.7,-1.066,-0.578,1.213,0.00,0.00,0.00
1775255869.648,2.9748,1.1105,0.3017,-152.1,-0.136,-0.212,0.252,0.00,0.00,0.00
1775255869.702,2.9237,1.0814,0.3099,-151.9,-0.957,-0.546,1.101,0.00,0.00,0.00
1775255869.755,2.8818,1.0488,0.3014,-152.2,-0.785,-0.611,0.995,0.00,0.00,0.00
1775255869.808,2.8448,1.0343,0.2972,-151.9,-0.694,-0.273,0.746,0.00,0.00,0.00
1775255869.862,2.8209,1.0250,0.3017,-151.7,-0.449,-0.173,0.481,0.00,0.00,0.00
1775255869.915,2.7866,1.0073,0.3119,-151.6,-0.641,-0.332,0.722,0.00,0.00,0.00
1775255869.968,2.7511,0.9940,0.3104,-151.5,-0.668,-0.251,0.713,0.00,0.00,0.00
1775255870.022,2.7272,0.9834,0.3082,-151.4,-0.447,-0.198,0.489,0.00,0.00,0.00
1775255870.075,2.7070,0.9759,0.3084,-151.2,-0.379,-0.140,0.404,0.00,0.00,0.00
1775255870.128,2.6910,0.9681,0.3073,-151.0,-0.301,-0.148,0.335,0.00,0.00,0.00
1775255870.182,2.6823,0.9672,0.3097,-150.9,-0.162,-0.016,0.162,0.00,0.00,0.00
1775255870.233,2.6761,0.9629,0.3110,-150.9,-0.122,-0.084,0.148,0.00,0.00,0.00
1775255870.285,2.6694,0.9566,0.3110,-150.9,-0.129,-0.121,0.176,0.00,0.00,0.00
1775255870.338,2.6627,0.9511,0.3108,-150.8,-0.125,-0.103,0.162,0.00,0.00,0.00
1775255870.392,2.6567,0.9460,0.3099,-150.8,-0.114,-0.096,0.149,0.00,0.00,0.00
1775255870.445,2.6508,0.9430,0.3085,-150.9,-0.111,-0.057,0.125,0.00,0.00,0.00
1775255870.498,2.6464,0.9383,0.3074,-150.9,-0.082,-0.087,0.120,0.00,0.00,0.00
1775255870.555,2.6427,0.9356,0.3074,-150.9,-0.065,-0.047,0.080,0.00,0.00,0.00
1775255870.608,2.6390,0.9337,0.3071,-151.0,-0.070,-0.036,0.079,0.00,0.00,0.00
1775255870.662,2.6352,0.9323,0.3068,-151.0,-0.070,-0.028,0.075,0.00,0.00,0.00
1775255870.715,2.6327,0.9325,0.3071,-150.9,-0.047,0.005,0.048,0.00,0.00,0.00
1775255870.768,2.6312,0.9326,0.3072,-150.6,-0.028,0.001,0.028,0.00,0.00,0.00
1775255870.822,2.6313,0.9316,0.3072,-150.4,0.002,-0.019,0.019,0.00,0.00,0.00
1775255870.875,2.6324,0.9309,0.3073,-150.2,0.020,-0.014,0.024,0.00,0.00,0.00
1775255870.928,2.6336,0.9303,0.3076,-150.0,0.023,-0.010,0.026,0.00,0.00,0.00
1775255870.982,2.6346,0.9299,0.3078,-149.8,0.018,-0.007,0.019,0.00,0.00,0.00
1775255871.035,2.6352,0.9297,0.3080,-149.6,0.012,-0.004,0.013,0.00,0.00,0.00
1775255871.088,2.6357,0.9296,0.3081,-149.4,0.009,-0.002,0.009,0.00,0.00,0.00
1775255871.138,2.6362,0.9295,0.3081,-149.3,0.009,-0.002,0.009,0.00,0.00,0.00
1775255871.192,2.6366,0.9295,0.3082,-149.2,0.009,-0.001,0.009,0.00,0.00,0.00
1775255871.245,2.6370,0.9295,0.3083,-149.1,0.007,0.000,0.007,0.00,0.00,0.00
1775255871.301,2.6373,0.9295,0.3083,-149.1,0.005,0.000,0.005,0.00,0.00,0.00
1775255871.355,2.6375,0.9295,0.3083,-149.1,0.003,0.000,0.003,0.00,0.00,0.00
1775255871.408,2.6376,0.9296,0.3084,-149.0,0.003,0.002,0.004,0.00,0.00,0.00
1775255871.461,2.6379,0.9297,0.3084,-149.0,0.004,0.002,0.005,0.00,0.00,0.00
1775255871.515,2.6382,0.9299,0.3084,-149.0,0.007,0.003,0.007,0.00,0.00,0.00
1775255871.565,2.6385,0.9301,0.3084,-149.0,0.006,0.003,0.007,0.00,0.00,0.00
1775255871.615,2.6388,0.9302,0.3084,-148.9,0.006,0.004,0.007,0.00,0.00,0.00
1775255871.668,2.6392,0.9304,0.3084,-148.9,0.006,0.003,0.007,0.00,0.00,0.00
1775255871.718,2.6396,0.9305,0.3084,-148.9,0.008,0.003,0.009,0.00,0.00,0.00
1775255871.771,2.6399,0.9307,0.3085,-148.9,0.006,0.003,0.006,0.00,0.00,0.00
1775255871.825,2.6402,0.9309,0.3085,-148.9,0.005,0.003,0.006,0.00,0.00,0.00
1775255871.875,2.6404,0.9310,0.3085,-148.9,0.004,0.002,0.005,0.00,0.00,0.00
1775255871.928,2.6406,0.9311,0.3085,-148.9,0.005,0.002,0.005,0.00,0.00,0.00
1775255871.981,2.6409,0.9312,0.3085,-148.9,0.006,0.002,0.006,0.00,0.00,0.00
1775255872.035,2.6411,0.9313,0.3085,-148.9,0.004,0.002,0.004,0.00,0.00,0.00
1775255872.088,2.6412,0.9313,0.3085,-148.9,0.001,0.001,0.002,0.00,0.00,0.00
1775255872.138,2.6413,0.9314,0.3085,-148.8,0.002,0.001,0.003,0.00,0.00,0.00
1775255872.191,2.6416,0.9315,0.3085,-148.8,0.005,0.002,0.006,0.00,0.00,0.00
1775255872.245,2.6418,0.9316,0.3085,-148.8,0.004,0.002,0.004,0.00,0.00,0.00
1775255872.298,2.6420,0.9317,0.3085,-148.8,0.004,0.003,0.005,0.00,0.00,0.00
1775255872.351,2.6422,0.9318,0.3085,-148.8,0.003,0.002,0.004,0.00,0.00,0.00
1775255872.405,2.6424,0.9319,0.3085,-148.8,0.003,0.001,0.003,0.00,0.00,0.00
1775255872.458,2.6425,0.9319,0.3085,-148.8,0.002,0.001,0.003,0.00,0.00,0.00
1775255872.511,2.6425,0.9319,0.3085,-148.8,0.001,0.000,0.001,0.00,0.00,0.00
1775255872.565,2.6426,0.9320,0.3085,-148.8,0.001,0.001,0.002,0.00,0.00,0.00
1775255872.618,2.6427,0.9320,0.3086,-148.8,0.002,0.000,0.002,0.00,0.00,0.00
1775255872.671,2.6428,0.9321,0.3086,-148.8,0.002,0.001,0.002,0.00,0.00,0.00
1775255872.725,2.6429,0.9321,0.3086,-148.8,0.002,0.001,0.002,0.00,0.00,0.00
1775255872.778,2.6430,0.9322,0.3086,-148.8,0.001,0.002,0.002,0.00,0.00,0.00
1775255872.831,2.6431,0.9323,0.3086,-148.8,0.002,0.001,0.002,0.00,0.00,0.00
1775255872.885,2.6432,0.9323,0.3086,-148.8,0.002,-0.000,0.002,0.00,0.00,0.00
1775255872.938,2.6432,0.9323,0.3086,-148.8,-0.000,0.000,0.000,0.00,0.00,0.00
1775255872.989,2.6432,0.9324,0.3086,-148.8,0.000,0.002,0.002,0.00,0.00,0.00
1775255873.041,2.6432,0.9324,0.3086,-148.8,-0.000,0.001,0.001,0.00,0.00,0.00
1775255873.095,2.6432,0.9323,0.3086,-148.8,0.000,-0.001,0.001,0.00,0.00,0.00
1775255873.148,2.6432,0.9323,0.3086,-148.8,-0.000,-0.001,0.001,0.00,0.00,0.00
1775255873.201,2.6432,0.9323,0.3086,-148.8,-0.000,0.001,0.001,0.00,0.00,0.00
1775255873.255,2.6433,0.9324,0.3086,-148.8,0.001,0.001,0.001,0.00,0.00,0.00
1775255873.308,2.6433,0.9324,0.3086,-148.8,0.001,0.000,0.001,0.00,0.00,0.00
1775255873.361,2.6433,0.9324,0.3086,-148.8,0.001,-0.000,0.001,0.00,0.00,0.00
1775255873.415,2.6433,0.9324,0.3086,-148.8,-0.000,0.000,0.001,0.00,0.00,0.00
1775255873.468,2.6433,0.9325,0.3086,-148.8,-0.000,0.001,0.001,0.00,0.00,0.00
1775255873.521,2.6434,0.9325,0.3086,-148.8,0.001,0.000,0.001,0.00,0.00,0.00
1775255873.575,2.6434,0.9324,0.3086,-148.8,0.001,-0.000,0.001,0.00,0.00,0.00
1775255873.628,2.6435,0.9325,0.3086,-148.8,0.001,0.000,0.001,0.00,0.00,0.00
1775255873.681,2.6435,0.9325,0.3086,-148.8,0.001,0.001,0.002,0.00,0.00,0.00
1775255873.735,2.6435,0.9326,0.3086,-148.7,0.000,0.001,0.001,0.50,0.00,0.00
1775255873.788,2.6432,0.9323,0.3086,-148.7,-0.005,-0.005,0.007,0.50,0.00,0.00
1775255873.841,2.6402,0.9299,0.3082,-148.8,-0.056,-0.045,0.072,0.50,0.00,0.00
1775255873.895,2.6353,0.9256,0.3084,-148.9,-0.093,-0.081,0.124,0.50,0.00,0.00
1775255873.948,2.6274,0.9204,0.3084,-148.9,-0.148,-0.098,0.177,0.50,0.00,0.00
1775255874.001,2.6175,0.9161,0.3078,-148.7,-0.185,-0.081,0.202,0.50,0.00,0.00
1775255874.055,2.6060,0.9102,0.3071,-148.7,-0.217,-0.111,0.244,0.50,0.00,0.00
1775255874.108,2.5899,0.9013,0.3054,-148.6,-0.302,-0.165,0.344,0.50,0.00,0.00
1775255874.161,2.5728,0.8912,0.3021,-148.4,-0.319,-0.190,0.371,0.50,0.00,0.00
1775255874.215,2.5554,0.8801,0.3004,-148.4,-0.328,-0.209,0.388,0.50,0.00,0.00
1775255874.268,2.5369,0.8706,0.3026,-148.0,-0.348,-0.178,0.391,0.50,0.00,0.00
1775255874.321,2.5222,0.8622,0.3034,-147.9,-0.276,-0.158,0.318,0.50,0.00,0.00
1775255874.375,2.5036,0.8497,0.3039,-148.0,-0.348,-0.233,0.419,0.50,0.00,0.00
1775255874.428,2.4839,0.8370,0.3040,-148.1,-0.370,-0.239,0.440,0.50,0.00,0.00
1775255874.481,2.4615,0.8223,0.3034,-148.2,-0.419,-0.276,0.502,0.50,0.00,0.00
1775255874.534,2.4386,0.8067,0.3047,-148.4,-0.431,-0.293,0.521,0.50,0.00,0.00
1775255874.588,2.4199,0.7913,0.3120,-148.4,-0.350,-0.289,0.454,0.50,0.00,0.00
1775255874.641,2.4014,0.7785,0.3138,-148.2,-0.346,-0.241,0.422,0.50,0.00,0.00
1775255874.694,2.3791,0.7624,0.3131,-148.1,-0.419,-0.302,0.517,0.50,0.00,0.00
1775255874.748,2.3529,0.7445,0.3111,-147.9,-0.490,-0.335,0.593,0.50,0.00,0.00
1775255874.801,2.3281,0.7287,0.3089,-147.8,-0.465,-0.296,0.551,0.50,0.00,0.00
1775255874.855,2.3032,0.7110,0.3048,-147.7,-0.467,-0.333,0.574,0.50,0.00,0.00
1775255874.908,2.2810,0.7020,0.3092,-147.4,-0.417,-0.169,0.450,0.50,0.00,0.00
1775255874.961,2.2610,0.6895,0.3107,-147.3,-0.374,-0.234,0.441,0.50,0.00,0.00
1775255875.014,2.2388,0.6748,0.3101,-147.5,-0.418,-0.276,0.500,0.50,0.00,0.00
1775255875.068,2.2139,0.6592,0.3078,-147.6,-0.466,-0.292,0.550,0.50,0.00,0.00
1775255875.121,2.1880,0.6420,0.3051,-147.6,-0.486,-0.323,0.584,0.50,0.00,0.00
1775255875.177,2.1624,0.6250,0.3098,-147.8,-0.456,-0.304,0.548,0.50,0.00,0.00
1775255875.231,2.1440,0.6102,0.3152,-147.7,-0.340,-0.273,0.437,0.50,0.00,0.00
1775255875.285,2.1204,0.5934,0.3154,-147.5,-0.442,-0.315,0.543,0.50,0.00,0.00
1775255875.341,2.0948,0.5744,0.3140,-147.4,-0.453,-0.336,0.564,0.50,0.00,0.00
1775255875.394,2.0673,0.5556,0.3115,-147.2,-0.516,-0.353,0.625,0.50,0.00,0.00
1775255875.448,2.0397,0.5362,0.3070,-147.1,-0.519,-0.364,0.634,0.50,0.00,0.00
1775255875.501,2.0177,0.5261,0.3092,-146.8,-0.413,-0.188,0.454,0.50,0.00,0.00
1775255875.555,1.9970,0.5143,0.3115,-146.7,-0.386,-0.222,0.445,0.50,0.00,0.00
1775255875.608,1.9739,0.4984,0.3107,-146.9,-0.434,-0.298,0.526,0.50,0.00,0.00
1775255875.661,1.9508,0.4832,0.3090,-146.9,-0.434,-0.285,0.519,0.50,0.00,0.00
1775255875.715,1.9225,0.4645,0.3062,-146.9,-0.531,-0.350,0.636,0.50,0.00,0.00
1775255875.768,1.8978,0.4451,0.3092,-147.1,-0.463,-0.365,0.590,0.50,0.00,0.00
1775255875.821,1.8783,0.4302,0.3149,-147.1,-0.366,-0.279,0.460,0.50,0.00,0.00
1775255875.874,1.8564,0.4145,0.3158,-146.9,-0.411,-0.294,0.505,0.50,0.00,0.00
1775255875.928,1.8296,0.3955,0.3144,-146.8,-0.504,-0.357,0.617,0.50,0.00,0.00
1775255875.981,1.8030,0.3778,0.3119,-146.6,-0.497,-0.331,0.597,0.50,0.00,0.00
1775255876.034,1.7764,0.3582,0.3079,-146.4,-0.501,-0.369,0.622,0.50,0.00,0.00
1775255876.088,1.7515,0.3458,0.3089,-146.2,-0.466,-0.231,0.520,0.50,0.00,0.00
1775255876.141,1.7316,0.3329,0.3121,-146.0,-0.373,-0.243,0.446,0.50,0.00,0.00
1775255876.195,1.7098,0.3165,0.3123,-146.1,-0.407,-0.306,0.509,0.50,0.00,0.00
1775255876.251,1.6845,0.2983,0.3104,-146.2,-0.449,-0.324,0.554,0.50,0.00,0.00
1775255876.304,1.6573,0.2795,0.3075,-146.1,-0.509,-0.351,0.618,0.50,0.00,0.00
1775255876.361,1.6327,0.2597,0.3094,-146.3,-0.434,-0.350,0.557,0.50,0.00,0.00
1775255876.414,1.6124,0.2440,0.3151,-146.4,-0.380,-0.294,0.481,0.50,0.00,0.00
1775255876.468,1.5897,0.2281,0.3155,-146.2,-0.426,-0.299,0.520,0.50,0.00,0.00
1775255876.521,1.5641,0.2093,0.3140,-146.1,-0.479,-0.352,0.594,0.50,0.00,0.00
1775255876.575,1.5376,0.1915,0.3117,-145.9,-0.497,-0.333,0.598,0.50,0.00,0.00
1775255876.628,1.5108,0.1727,0.3086,-145.7,-0.504,-0.355,0.617,0.50,0.00,0.00
1775255876.681,1.4881,0.1604,0.3051,-145.7,-0.425,-0.229,0.483,0.50,0.00,0.00
1775255876.744,1.4682,0.1467,0.3104,-145.5,-0.318,-0.220,0.387,0.50,0.00,0.00
1775255876.798,1.4422,0.1262,0.3116,-145.5,-0.481,-0.379,0.613,0.50,0.00,0.00
1775255876.851,1.4193,0.1087,0.3106,-145.6,-0.430,-0.328,0.541,0.50,0.00,0.00
1775255876.901,1.3942,0.0918,0.3087,-145.5,-0.501,-0.338,0.604,0.50,0.00,0.00
1775255876.958,1.3706,0.0715,0.3101,-145.8,-0.416,-0.359,0.549,0.50,0.00,0.00
1775255877.010,1.3565,0.0593,0.3143,-145.9,-0.268,-0.231,0.353,0.50,0.00,0.00
1775255877.064,1.3289,0.0391,0.3155,-145.7,-0.512,-0.375,0.635,0.00,0.00,0.00
1775255877.118,1.3046,0.0200,0.3142,-145.5,-0.457,-0.359,0.581,0.00,0.00,-0.80
1775255877.171,1.2794,0.0029,0.3119,-145.3,-0.472,-0.319,0.570,0.00,0.00,-0.80
1775255877.224,1.2555,-0.0104,0.3071,-145.3,-0.449,-0.250,0.514,0.00,0.00,-0.80
1775255877.278,1.2389,-0.0191,0.3052,-146.1,-0.311,-0.163,0.351,0.00,0.00,-0.80
1775255877.331,1.2288,-0.0257,0.3102,-147.2,-0.189,-0.125,0.227,0.00,0.00,-0.80
1775255877.384,1.2168,-0.0363,0.3129,-149.5,-0.226,-0.199,0.301,0.00,0.00,-0.80
1775255877.438,1.2052,-0.0467,0.3147,-152.4,-0.217,-0.193,0.290,0.00,0.00,-0.80
1775255877.494,1.1966,-0.0540,0.3157,-155.9,-0.151,-0.129,0.199,0.00,0.00,-0.80
1775255877.551,1.1875,-0.0613,0.3162,-160.2,-0.162,-0.129,0.207,0.00,0.00,-0.80
1775255877.604,1.1816,-0.0670,0.3169,-164.4,-0.111,-0.107,0.155,0.00,0.00,-0.80
1775255877.658,1.1761,-0.0707,0.3178,-168.3,-0.103,-0.070,0.125,0.00,0.00,-0.80
1775255877.711,1.1727,-0.0735,0.3195,-172.8,-0.064,-0.052,0.082,0.00,0.00,-0.80
1775255877.764,1.1683,-0.0719,0.3195,-177.8,-0.081,0.031,0.087,0.00,0.00,-0.80
1775255877.818,1.1624,-0.0705,0.3154,177.1,-0.111,0.025,0.114,0.00,0.00,-0.80
1775255877.871,1.1543,-0.0691,0.3097,172.2,-0.153,0.027,0.155,0.00,0.00,-0.80
1775255877.924,1.1478,-0.0697,0.3108,167.5,-0.121,-0.012,0.122,0.00,0.00,-0.80
1775255877.978,1.1478,-0.0720,0.3159,162.6,0.000,-0.043,0.043,0.00,0.00,-0.80
1775255878.031,1.1424,-0.0718,0.3186,157.0,-0.102,0.004,0.102,0.00,0.00,-0.80
1775255878.084,1.1378,-0.0714,0.3196,151.0,-0.087,0.008,0.087,0.00,0.00,-0.80
1775255878.138,1.1348,-0.0711,0.3197,145.2,-0.056,0.005,0.056,0.00,0.00,-0.80
1775255878.194,1.1322,-0.0736,0.3173,139.8,-0.045,-0.045,0.063,0.00,0.00,-0.80
1775255878.244,1.1296,-0.0744,0.3177,133.8,-0.052,-0.016,0.054,0.00,0.00,-0.80
1775255878.298,1.1276,-0.0752,0.3167,128.5,-0.038,-0.015,0.041,0.00,0.00,-0.80
1775255878.354,1.1247,-0.0742,0.3145,122.0,-0.050,0.018,0.053,0.00,0.00,-0.80
1775255878.407,1.1226,-0.0719,0.3116,116.3,-0.041,0.044,0.060,0.00,0.00,-0.80
1775255878.464,1.1218,-0.0721,0.3074,110.2,-0.013,-0.003,0.014,0.00,0.00,-0.80
1775255878.517,1.1214,-0.0717,0.3108,105.5,-0.009,0.008,0.012,0.00,0.00,-0.80
1775255878.571,1.1208,-0.0735,0.3145,99.4,-0.011,-0.034,0.036,0.00,0.00,-0.80
1775255878.624,1.1197,-0.0712,0.3162,93.5,-0.021,0.043,0.048,0.00,0.00,0.00
1775255878.677,1.1193,-0.0699,0.3160,87.3,-0.007,0.024,0.025,0.00,0.00,0.00
1775255878.734,1.1175,-0.0725,0.3151,80.6,-0.032,-0.046,0.056,0.00,0.00,0.00
1775255878.787,1.1197,-0.0742,0.3157,76.4,0.042,-0.031,0.052,0.00,0.00,0.00
1775255878.841,1.1190,-0.0728,0.3138,72.2,-0.014,0.026,0.030,0.50,0.00,0.00
1775255878.894,1.1199,-0.0702,0.3122,68.5,0.016,0.048,0.051,0.50,0.00,0.00
1775255878.947,1.1221,-0.0660,0.3092,65.4,0.043,0.078,0.089,0.50,0.00,0.00
1775255879.001,1.1262,-0.0604,0.3063,62.7,0.077,0.106,0.131,0.50,0.00,0.00
1775255879.054,1.1304,-0.0515,0.3052,60.7,0.079,0.167,0.185,0.50,0.00,0.00
1775255879.108,1.1347,-0.0416,0.3056,59.6,0.080,0.185,0.202,0.50,0.00,0.00
1775255879.161,1.1407,-0.0319,0.3048,58.4,0.113,0.182,0.215,0.50,0.00,0.00
1775255879.211,1.1476,-0.0221,0.3036,57.6,0.137,0.195,0.238,0.50,0.00,0.00
1775255879.264,1.1555,-0.0112,0.3026,56.8,0.150,0.205,0.254,0.50,0.00,0.00
1775255879.317,1.1637,0.0021,0.3010,56.1,0.153,0.249,0.292,0.50,0.00,0.00
1775255879.371,1.1694,0.0136,0.3013,55.4,0.107,0.217,0.242,0.50,0.00,0.00
1775255879.424,1.1777,0.0293,0.3026,54.5,0.155,0.295,0.333,0.50,0.00,0.00
1775255879.481,1.1892,0.0519,0.3036,53.8,0.202,0.395,0.444,0.50,0.00,0.00
1775255879.537,1.2110,0.0741,0.3066,53.5,0.386,0.393,0.551,0.50,0.00,0.00
1775255879.591,1.2173,0.0924,0.3115,53.1,0.119,0.344,0.364,0.50,0.00,0.00
1775255879.644,1.2332,0.1106,0.3132,52.8,0.298,0.342,0.454,0.50,0.00,0.00
1775255879.697,1.2512,0.1327,0.3118,52.8,0.337,0.413,0.533,0.50,0.00,0.00
1775255879.751,1.2717,0.1572,0.3086,52.7,0.385,0.460,0.600,0.50,0.00,0.00
1775255879.804,1.2891,0.1820,0.3080,52.5,0.327,0.466,0.569,0.50,0.00,0.00
1775255879.857,1.3046,0.1975,0.3094,52.4,0.290,0.289,0.409,0.50,0.00,0.00
1775255879.911,1.3185,0.2177,0.3120,52.2,0.260,0.378,0.459,0.50,0.00,0.00
1775255879.964,1.3281,0.2339,0.3125,51.9,0.180,0.306,0.355,0.50,0.00,0.00
1775255880.017,1.3521,0.2661,0.3108,52.0,0.451,0.603,0.753,0.50,0.00,0.00
1775255880.071,1.3736,0.2865,0.3093,52.1,0.402,0.383,0.555,0.50,0.00,0.00
1775255880.121,1.3837,0.3093,0.3144,51.8,0.202,0.456,0.498,0.50,0.00,0.00
1775255880.174,1.3988,0.3295,0.3168,51.7,0.284,0.379,0.474,0.50,0.00,0.00
1775255880.227,1.4158,0.3534,0.3151,51.8,0.320,0.449,0.551,0.50,0.00,0.00
1775255880.281,1.4353,0.3797,0.3124,52.0,0.365,0.491,0.611,0.50,0.00,0.00
1775255880.334,1.4557,0.4051,0.3093,52.2,0.383,0.479,0.613,0.50,0.00,0.00
1775255880.387,1.4756,0.4272,0.3047,52.2,0.373,0.413,0.557,0.50,0.00,0.00
1775255880.441,1.4908,0.4436,0.3096,52.4,0.286,0.309,0.421,1.00,0.00,0.00
1775255880.494,1.5076,0.4648,0.3107,52.3,0.314,0.397,0.506,1.00,0.00,0.00
1775255880.547,1.5262,0.4864,0.3103,52.1,0.348,0.404,0.533,1.00,0.00,0.00
1775255880.601,1.5494,0.5117,0.3093,52.1,0.437,0.475,0.645,1.00,0.00,0.00
1775255880.654,1.5732,0.5418,0.3107,51.8,0.447,0.565,0.720,1.00,0.00,0.00
1775255880.707,1.5942,0.5667,0.3147,51.7,0.394,0.467,0.611,1.00,0.00,0.00
1775255880.761,1.6180,0.5988,0.3176,51.7,0.445,0.602,0.748,1.00,0.00,0.00
1775255880.814,1.6458,0.6368,0.3171,51.9,0.521,0.711,0.881,1.00,0.00,0.00
1775255880.867,1.6767,0.6791,0.3155,52.1,0.579,0.794,0.983,1.00,0.00,0.00
1775255880.921,1.7050,0.7174,0.3125,52.4,0.532,0.719,0.894,1.00,0.00,0.00
1775255880.974,1.7344,0.7588,0.3162,52.6,0.551,0.777,0.952,1.00,0.00,0.00
1775255881.031,1.7667,0.8007,0.3185,52.5,0.570,0.738,0.933,1.00,0.00,0.00
1775255881.084,1.8083,0.8475,0.3135,52.6,0.781,0.879,1.175,1.00,0.00,0.00
1775255881.137,1.8279,0.8786,0.3140,52.2,0.367,0.582,0.689,1.00,0.00,0.00
1775255881.191,1.8612,0.9203,0.3162,52.3,0.625,0.783,1.002,1.00,0.00,0.00
1775255881.244,1.8992,0.9684,0.3161,52.5,0.714,0.902,1.151,1.00,0.00,0.00
1775255881.297,1.9281,1.0124,0.3108,52.5,0.541,0.824,0.986,1.00,0.00,0.00
1775255881.350,1.9650,1.0555,0.3130,52.8,0.692,0.809,1.064,1.00,0.00,0.00
1775255881.404,1.9981,1.0996,0.3161,52.6,0.621,0.827,1.034,1.00,0.00,0.00
1775255881.457,2.0408,1.1509,0.3088,52.6,0.801,0.962,1.252,1.00,0.00,0.00
1775255881.511,2.0667,1.1858,0.3123,52.3,0.485,0.653,0.813,1.00,0.00,0.00
1775255881.564,2.1015,1.2327,0.3156,52.2,0.652,0.880,1.095,1.00,0.00,0.00
1775255881.617,2.1342,1.2773,0.3165,52.5,0.615,0.839,1.040,1.00,0.00,0.00
1775255881.670,2.1794,1.3323,0.3106,52.6,0.846,1.032,1.334,1.00,0.00,0.00
1775255881.724,2.2026,1.3676,0.3131,53.1,0.434,0.660,0.790,1.00,0.00,0.00
1775255881.777,2.2351,1.4102,0.3176,52.9,0.611,0.800,1.007,1.00,0.00,0.00
1775255881.830,2.2763,1.4624,0.3113,53.0,0.773,0.979,1.247,1.00,0.00,0.00
1775255881.884,2.3058,1.5029,0.3119,52.9,0.553,0.759,0.940,1.00,0.00,0.00
1775255881.937,2.3415,1.5499,0.3144,52.5,0.669,0.881,1.106,1.00,0.00,0.00
1775255881.991,2.3784,1.5988,0.3156,52.8,0.691,0.916,1.147,1.00,0.00,0.00
1775255882.047,2.4188,1.6624,0.3079,52.8,0.714,1.123,1.331,1.00,0.00,0.00
1775255882.100,2.4253,1.6596,0.3109,53.1,0.122,-0.052,0.132,1.00,0.00,0.00
1775255882.154,2.4594,1.7041,0.3152,53.0,0.640,0.834,1.052,1.00,0.00,0.00
1775255882.207,2.4978,1.7533,0.3113,52.9,0.720,0.925,1.172,1.00,0.00,0.00
1775255882.274,2.5227,1.7850,0.3118,52.7,0.374,0.476,0.605,1.00,0.00,0.00
1775255882.327,2.5565,1.8312,0.3149,52.5,0.630,0.863,1.068,1.00,0.00,0.00
1775255882.380,2.5928,1.8810,0.3164,52.8,0.680,0.934,1.156,1.00,0.00,0.00
1775255882.434,2.6410,1.9380,0.3083,52.9,0.902,1.068,1.398,1.00,0.00,0.00
1775255882.487,2.6642,1.9750,0.3111,53.3,0.436,0.695,0.820,1.00,0.00,0.00
1775255882.540,2.6986,2.0215,0.3176,53.2,0.646,0.872,1.085,1.00,0.00,0.00
1775255882.594,2.7325,2.0713,0.2996,53.2,0.636,0.933,1.129,1.00,0.00,0.00
1775255882.647,2.7578,2.1016,0.3100,53.2,0.474,0.569,0.740,1.00,0.00,0.00
1775255882.704,2.7873,2.1442,0.3154,52.9,0.520,0.752,0.914,1.00,0.00,0.00
1775255882.754,2.8309,2.2012,0.3177,53.2,0.869,1.137,1.431,1.00,0.00,0.00
1775255882.807,2.8628,2.2495,0.3094,53.0,0.602,0.910,1.091,1.00,0.00,0.00
1775255882.857,2.8740,2.2584,0.3123,53.5,0.224,0.177,0.286,1.00,0.00,0.00
1775255882.910,2.9101,2.3069,0.3159,53.4,0.676,0.909,1.133,1.00,0.00,0.00
1775255882.964,2.9482,2.3569,0.3036,53.5,0.714,0.938,1.179,1.00,0.00,0.00
1775255883.017,2.9635,2.3783,0.3106,53.4,0.286,0.402,0.493,1.00,0.00,0.00
1775255883.070,2.9989,2.4258,0.3140,53.2,0.667,0.893,1.114,1.00,0.00,0.00
1775255883.124,3.0366,2.4778,0.3157,53.5,0.705,0.974,1.202,1.00,0.00,0.00
1775255883.177,3.0735,2.5294,0.3089,53.4,0.690,0.963,1.185,1.00,0.00,0.00
1775255883.230,3.1068,2.5646,0.3125,53.8,0.625,0.663,0.911,1.00,0.00,0.00
1775255883.284,3.1403,2.6104,0.3164,53.7,0.629,0.858,1.063,1.00,0.00,0.00
1775255883.337,3.1773,2.6595,0.3124,53.7,0.696,0.924,1.157,1.00,0.00,0.00
1775255883.390,3.2059,2.6992,0.3121,53.5,0.535,0.743,0.916,1.00,0.00,0.00
1775255883.441,3.2391,2.7455,0.3139,53.3,0.656,0.913,1.124,1.00,0.00,0.00
1775255883.494,3.2758,2.7972,0.3152,53.6,0.696,0.981,1.203,1.00,0.00,0.00
1775255883.547,3.3133,2.8531,0.3068,53.6,0.705,1.051,1.265,1.00,0.00,0.00
1775255883.600,3.3269,2.8617,0.3103,54.2,0.255,0.162,0.302,1.00,0.00,0.00
1775255883.654,3.3614,2.9103,0.3160,54.2,0.647,0.912,1.118,1.00,0.00,0.00
1775255883.707,3.3991,2.9592,0.3080,54.2,0.706,0.917,1.157,1.00,0.00,0.00
1775255883.760,3.4256,2.9931,0.3108,54.1,0.496,0.635,0.806,1.00,0.00,0.00
1775255883.814,3.4614,3.0434,0.3156,54.1,0.673,0.944,1.159,1.00,0.00,0.00
1775255883.867,3.4979,3.0938,0.3173,54.3,0.683,0.942,1.164,1.00,0.00,0.00
1775255883.920,3.5329,3.1509,0.3109,54.2,0.657,1.073,1.258,1.00,0.00,0.00
1775255883.974,3.5648,3.1895,0.3129,54.6,0.598,0.724,0.939,0.50,0.00,0.00
1775255884.024,3.5936,3.2298,0.3165,54.5,0.577,0.806,0.991,0.50,0.00,0.00
1775255884.077,3.6266,3.2820,0.2971,54.4,0.618,0.978,1.157,0.50,0.00,0.00
1775255884.130,3.6376,3.2979,0.3068,54.3,0.206,0.298,0.362,0.50,0.00,0.00
1775255884.184,3.6666,3.3387,0.3123,54.1,0.545,0.766,0.940,0.50,0.00,0.00
1775255884.237,3.6964,3.3803,0.3118,54.4,0.559,0.780,0.959,0.50,0.00,0.00
1775255884.290,3.7331,3.4256,0.3059,54.6,0.689,0.850,1.094,0.50,0.00,0.00
1775255884.344,3.7545,3.4540,0.3027,54.7,0.400,0.531,0.665,0.50,0.00,0.00
1775255884.397,3.7791,3.4838,0.3128,55.1,0.460,0.559,0.723,0.50,0.00,0.00
1775255884.450,3.7999,3.5181,0.3157,54.9,0.391,0.645,0.754,0.50,0.00,0.00
1775255884.504,3.8227,3.5557,0.3145,54.9,0.429,0.704,0.825,0.50,0.00,0.00
1775255884.557,3.8492,3.5839,0.3107,55.1,0.496,0.531,0.727,0.50,0.00,0.00
1775255884.610,3.8610,3.6133,0.3151,55.0,0.221,0.549,0.592,0.50,0.00,0.00
1775255884.664,3.8786,3.6389,0.3181,55.0,0.330,0.479,0.582,0.50,0.00,0.00
1775255884.717,3.8986,3.6688,0.3171,55.1,0.376,0.563,0.676,0.50,0.00,0.00
1775255884.770,3.9220,3.7013,0.3148,55.3,0.438,0.609,0.751,0.50,0.00,0.00
1775255884.824,3.9396,3.7293,0.3084,55.4,0.331,0.523,0.619,0.50,0.00,0.00
1775255884.877,3.9594,3.7496,0.3093,55.6,0.371,0.381,0.532,0.50,0.00,0.00
1775255884.930,3.9751,3.7739,0.3130,55.6,0.295,0.456,0.544,0.50,0.00,0.00
1775255884.983,3.9908,3.7984,0.3132,55.4,0.293,0.461,0.546,0.50,0.00,0.00
1775255885.037,4.0092,3.8267,0.3113,55.4,0.346,0.530,0.633,0.50,0.00,0.00
1775255885.090,4.0315,3.8526,0.3096,55.5,0.418,0.484,0.640,0.50,0.00,0.00
1775255885.144,4.0423,3.8788,0.3133,55.4,0.202,0.492,0.531,0.50,0.00,0.00
1775255885.197,4.0575,3.9022,0.3166,55.5,0.285,0.439,0.523,0.50,0.00,0.00
1775255885.249,4.0738,3.9279,0.3161,55.6,0.313,0.494,0.585,0.50,0.00,0.00
1775255885.300,4.0918,3.9557,0.3146,55.8,0.351,0.542,0.646,0.50,0.00,0.00
1775255885.353,4.1098,3.9817,0.3124,56.0,0.338,0.488,0.594,0.50,0.00,0.00
1775255885.407,4.1229,4.0029,0.3072,56.0,0.245,0.398,0.468,0.50,0.00,0.00
1775255885.460,4.1433,4.0295,0.3102,56.3,0.381,0.497,0.626,0.50,0.00,0.00
1775255885.514,4.1560,4.0507,0.3123,56.3,0.238,0.399,0.465,0.50,0.00,0.00
1775255885.567,4.1697,4.0751,0.3124,56.1,0.257,0.457,0.524,0.50,0.00,0.00
1775255885.617,4.1844,4.0999,0.3113,56.1,0.294,0.496,0.577,0.50,0.00,0.00
1775255885.670,4.2048,4.1255,0.3098,56.1,0.383,0.480,0.614,0.50,0.00,0.00
1775255885.724,4.2171,4.1530,0.3124,55.9,0.230,0.517,0.566,0.50,0.00,0.00
1775255885.777,4.2316,4.1757,0.3167,56.0,0.272,0.426,0.505,0.50,0.00,0.00
1775255885.830,4.2484,4.2007,0.3159,56.2,0.315,0.468,0.564,0.50,0.00,0.00
1775255885.883,4.2670,4.2284,0.3135,56.4,0.349,0.519,0.626,0.50,0.00,0.00
1775255885.937,4.2863,4.2581,0.3104,56.5,0.362,0.556,0.663,0.50,0.00,0.00
1775255885.987,4.3044,4.2818,0.3069,56.7,0.360,0.473,0.594,0.50,0.00,0.00
1775255886.040,4.3193,4.3016,0.3114,56.9,0.281,0.372,0.466,0.50,0.00,0.00
1775255886.097,4.3334,4.3248,0.3125,56.8,0.249,0.411,0.481,0.50,0.00,0.00
1775255886.147,4.3485,4.3511,0.3123,56.6,0.300,0.524,0.604,0.50,0.00,0.00
1775255886.200,4.3646,4.3793,0.3109,56.5,0.303,0.530,0.610,0.50,0.00,0.00
1775255886.253,4.3846,4.4028,0.3113,56.7,0.375,0.439,0.577,0.50,0.00,0.00
1775255886.307,4.3950,4.4286,0.3154,56.6,0.195,0.485,0.523,0.50,0.00,0.00
1775255886.360,4.4090,4.4492,0.3171,56.8,0.263,0.387,0.468,0.50,0.00,0.00
1775255886.413,4.4257,4.4747,0.3156,56.9,0.313,0.477,0.571,0.50,0.00,0.00
1775255886.470,4.4476,4.5054,0.3132,57.1,0.387,0.542,0.666,0.50,0.00,0.00
1775255886.523,4.4630,4.5304,0.3078,57.2,0.288,0.470,0.551,0.50,0.00,0.00
1775255886.589,4.4797,4.5501,0.3073,57.3,0.257,0.302,0.396,0.50,0.00,0.00
1775255886.644,4.4975,4.5789,0.3122,57.5,0.324,0.525,0.617,0.50,0.00,0.00
1775255886.697,4.5121,4.6054,0.3122,57.4,0.274,0.496,0.567,0.50,0.00,0.00
1775255886.753,4.5274,4.6328,0.3106,57.4,0.270,0.486,0.556,0.50,0.00,0.00
1775255886.807,4.5472,4.6595,0.3091,57.5,0.372,0.499,0.622,0.50,0.00,0.00
1775255886.863,4.5559,4.6858,0.3115,57.2,0.154,0.464,0.489,0.50,0.00,0.00
1775255886.917,4.5681,4.7080,0.3157,57.2,0.228,0.417,0.475,0.50,0.00,0.00
1775255886.970,4.5805,4.7321,0.3155,57.3,0.233,0.451,0.507,0.50,0.00,0.00
1775255887.023,4.5971,4.7630,0.3139,57.4,0.311,0.579,0.657,0.50,0.00,0.00
1775255887.077,4.6133,4.7909,0.3116,57.5,0.303,0.525,0.606,0.50,0.00,0.00
1775255887.130,4.6287,4.8196,0.3072,57.6,0.290,0.539,0.612,0.50,0.00,0.00
1775255887.184,4.6459,4.8387,0.3088,58.0,0.319,0.354,0.477,0.50,0.00,0.00
1775255887.237,4.6606,4.8599,0.3106,58.1,0.278,0.400,0.487,0.50,0.00,0.00
1775255887.290,4.6753,4.8839,0.3105,58.0,0.276,0.449,0.527,0.50,0.00,0.00
1775255887.347,4.6924,4.9107,0.3094,57.8,0.302,0.475,0.562,0.50,0.00,0.00
1775255887.400,4.7097,4.9391,0.3069,57.9,0.325,0.531,0.623,0.50,0.00,0.00
1775255887.450,4.7201,4.9647,0.3089,57.6,0.207,0.513,0.553,0.50,0.00,0.00
1775255887.503,4.7310,4.9871,0.3134,57.7,0.205,0.419,0.467,0.50,0.00,0.00
1775255887.557,4.7440,5.0121,0.3138,57.9,0.243,0.470,0.529,0.50,0.00,0.00
1775255887.610,4.7592,5.0416,0.3122,58.0,0.285,0.553,0.622,0.50,0.00,0.00
1775255887.663,4.7753,5.0700,0.3101,58.2,0.300,0.531,0.610,0.50,0.00,0.00
1775255887.717,4.7919,5.0996,0.3057,58.3,0.313,0.557,0.639,0.50,0.00,0.00
1775255887.770,4.8086,5.1200,0.3080,58.7,0.314,0.382,0.495,0.50,0.00,0.00
1775255887.827,4.8222,5.1419,0.3106,58.8,0.241,0.386,0.455,0.50,0.00,0.00
1775255887.880,4.8352,5.1652,0.3103,58.6,0.242,0.437,0.500,0.50,0.00,0.00
1775255887.930,4.8502,5.1913,0.3095,58.6,0.301,0.522,0.602,0.50,0.00,0.00
1775255887.983,4.8666,5.2183,0.3077,58.6,0.308,0.507,0.593,0.50,0.00,0.00
1775255888.036,4.8810,5.2452,0.3102,58.4,0.269,0.505,0.572,0.50,0.00,0.00
1775255888.090,4.8919,5.2685,0.3156,58.3,0.206,0.436,0.482,0.50,0.00,0.00
1775255888.143,4.9046,5.2918,0.3162,58.4,0.237,0.438,0.498,0.50,0.00,0.00
1775255888.194,4.9179,5.3180,0.3149,58.5,0.265,0.519,0.583,0.50,0.00,0.00
1775255888.247,4.9348,5.3481,0.3128,58.8,0.318,0.568,0.651,0.50,0.00,0.00
1775255888.300,4.9518,5.3757,0.3096,58.9,0.320,0.517,0.609,0.50,0.00,0.00
1775255888.353,4.9674,5.3982,0.3060,59.1,0.290,0.422,0.512,0.50,0.00,0.00
1775255888.406,4.9813,5.4186,0.3108,59.3,0.262,0.382,0.463,0.50,0.00,0.00
1775255888.460,4.9951,5.4426,0.3117,59.1,0.257,0.450,0.518,0.50,0.00,0.00
1775255888.513,5.0096,5.4668,0.3109,59.0,0.272,0.454,0.530,0.50,0.00,0.00
1775255888.567,5.0266,5.4961,0.3089,59.0,0.319,0.549,0.634,0.50,0.00,0.00
1775255888.620,5.0417,5.5235,0.3072,58.9,0.285,0.514,0.587,0.50,0.00,0.00
1775255888.670,5.0502,5.5404,0.3110,58.8,0.168,0.337,0.376,0.50,0.00,0.00
1775255888.723,5.0602,5.5621,0.3142,59.1,0.190,0.412,0.454,0.50,0.00,0.00
1775255888.776,5.0791,5.5936,0.3143,59.2,0.352,0.587,0.684,0.50,0.00,0.00
1775255888.830,5.0960,5.6239,0.3124,59.4,0.316,0.569,0.651,0.00,0.00,0.00
1775255888.888,5.1138,5.6522,0.3097,59.6,0.309,0.490,0.579,0.00,0.00,0.00
1775255888.940,5.1266,5.6776,0.3054,59.6,0.245,0.487,0.545,0.00,0.00,0.00
1775255888.993,5.1387,5.6906,0.3076,59.8,0.226,0.243,0.332,0.00,0.00,0.00
1775255889.047,5.1475,5.7109,0.3092,59.8,0.164,0.379,0.413,0.00,0.00,0.00
1775255889.100,5.1549,5.7317,0.3089,59.7,0.139,0.391,0.415,0.00,0.00,0.00
1775255889.153,5.1621,5.7482,0.3080,59.8,0.137,0.309,0.338,0.00,0.00,0.00
1775255889.206,5.1689,5.7632,0.3076,59.7,0.126,0.282,0.309,0.00,0.00,0.00
1775255889.260,5.1724,5.7772,0.3046,59.5,0.066,0.263,0.271,0.00,0.00,0.00
1775255889.313,5.1749,5.7856,0.3082,59.5,0.047,0.156,0.163,0.00,0.00,0.00
1775255889.366,5.1784,5.7902,0.3087,59.6,0.066,0.088,0.110,0.00,0.00,0.00
1775255889.420,5.1818,5.7959,0.3093,59.5,0.063,0.107,0.124,0.00,0.00,0.00
1775255889.473,5.1850,5.8022,0.3090,59.3,0.060,0.117,0.132,0.00,0.00,0.00
1775255889.526,5.1883,5.8091,0.3086,59.3,0.061,0.130,0.144,-0.50,0.00,0.00
1775255889.580,5.1906,5.8129,0.3077,59.4,0.043,0.071,0.083,-0.50,0.00,0.00
1775255889.633,5.1942,5.8144,0.3052,59.6,0.068,0.027,0.073,-0.50,0.00,0.00
1775255889.686,5.1945,5.8132,0.3036,59.8,0.005,-0.022,0.022,-0.50,0.00,0.00
1775255889.740,5.1899,5.8107,0.3057,59.8,-0.086,-0.047,0.098,-0.50,0.00,0.00
1775255889.793,5.1868,5.8049,0.3073,59.9,-0.058,-0.109,0.123,-0.50,0.00,0.00
1775255889.846,5.1830,5.7974,0.3084,59.9,-0.072,-0.141,0.158,-0.50,0.00,0.00
1775255889.900,5.1796,5.7882,0.3093,60.1,-0.064,-0.171,0.183,-0.50,0.00,0.00
1775255889.953,5.1744,5.7767,0.3105,60.2,-0.098,-0.217,0.238,-0.50,0.00,0.00
1775255890.006,5.1672,5.7610,0.3105,60.3,-0.135,-0.295,0.324,-0.50,0.00,0.00
1775255890.060,5.1582,5.7441,0.3077,60.4,-0.169,-0.316,0.358,-0.50,0.00,0.00
1775255890.113,5.1487,5.7241,0.3039,60.5,-0.177,-0.376,0.415,-0.50,0.00,0.00
1775255890.166,5.1370,5.7078,0.3072,60.6,-0.221,-0.306,0.377,-0.50,0.00,0.00
1775255890.220,5.1247,5.6914,0.3079,60.6,-0.228,-0.305,0.381,-0.50,0.00,0.00
1775255890.273,5.1117,5.6747,0.3076,60.6,-0.245,-0.315,0.399,-0.50,0.00,0.00
1775255890.326,5.0977,5.6521,0.3045,60.4,-0.264,-0.424,0.499,-0.50,0.00,0.00
1775255890.380,5.0849,5.6398,0.3062,60.1,-0.239,-0.230,0.332,-0.50,0.00,0.00
1775255890.433,5.0766,5.6215,0.3106,60.3,-0.155,-0.344,0.377,-0.50,0.00,0.00
1775255890.486,5.0666,5.6015,0.3120,60.4,-0.187,-0.375,0.419,-0.50,0.00,0.00
1775255890.540,5.0561,5.5785,0.3119,60.5,-0.198,-0.432,0.475,-0.50,0.00,0.00
1775255890.593,5.0436,5.5547,0.3103,60.7,-0.234,-0.446,0.504,-0.50,0.00,0.00
1775255890.643,5.0322,5.5320,0.3090,60.9,-0.228,-0.453,0.507,-0.50,0.00,0.00
1775255890.696,5.0197,5.5144,0.3111,60.9,-0.235,-0.332,0.406,-0.50,0.00,0.00
1775255890.754,5.0081,5.4971,0.3107,60.9,-0.200,-0.299,0.360,-0.50,0.00,0.00
1775255890.806,4.9917,5.4691,0.3064,60.9,-0.313,-0.535,0.620,-0.50,0.00,0.00
1775255890.863,4.9762,5.4502,0.3077,60.6,-0.274,-0.333,0.431,-0.50,0.00,0.00
1775255890.920,4.9655,5.4287,0.3115,60.7,-0.189,-0.380,0.424,-0.50,0.00,0.00
1775255890.970,4.9543,5.4075,0.3129,60.8,-0.225,-0.425,0.481,-0.50,0.00,0.00
1775255891.023,4.9417,5.3824,0.3125,60.9,-0.236,-0.470,0.526,-0.50,0.00,0.00
1775255891.076,4.9273,5.3557,0.3087,61.1,-0.271,-0.501,0.569,-0.50,0.00,0.00
1775255891.130,4.9164,5.3346,0.3115,61.4,-0.203,-0.397,0.445,-0.50,0.00,0.00
1775255891.183,4.9039,5.3171,0.3123,61.4,-0.235,-0.327,0.403,-0.50,0.00,0.00
1775255891.236,4.8899,5.2954,0.3112,61.4,-0.264,-0.408,0.485,-0.50,0.00,0.00
1775255891.289,4.8731,5.2685,0.3061,61.3,-0.316,-0.505,0.596,-0.50,0.00,-0.80
1775255891.343,4.8611,5.2504,0.3101,61.1,-0.223,-0.338,0.405,-0.50,0.00,-0.80
1775255891.394,4.8523,5.2310,0.3128,61.2,-0.173,-0.382,0.419,-0.50,0.00,-0.80
1775255891.446,4.8411,5.2086,0.3148,60.7,-0.214,-0.427,0.477,-0.50,0.00,-0.80
1775255891.503,4.8270,5.1819,0.3136,59.4,-0.249,-0.472,0.534,-0.50,0.00,-0.80
1775255891.560,4.8132,5.1556,0.3124,57.4,-0.244,-0.464,0.524,-0.50,0.00,-0.80
1775255891.610,4.7964,5.1370,0.3160,54.8,-0.330,-0.368,0.494,-0.50,0.00,-0.80
1775255891.663,4.7800,5.1173,0.3168,52.0,-0.313,-0.374,0.488,-0.50,0.00,0.00
1775255891.716,4.7603,5.0957,0.3149,48.9,-0.368,-0.403,0.546,-0.50,0.00,0.00
1775255891.770,4.7375,5.0818,0.3122,46.3,-0.429,-0.262,0.502,-0.50,0.00,0.00
1775255891.823,4.7220,5.0646,0.3155,44.3,-0.290,-0.322,0.434,-0.50,0.00,0.00
1775255891.876,4.7008,5.0480,0.3158,42.3,-0.398,-0.312,0.506,-0.50,0.00,0.00
1775255891.933,4.6792,5.0310,0.3155,40.7,-0.382,-0.301,0.486,-0.50,0.00,0.00
1775255891.986,4.6573,5.0110,0.3101,39.3,-0.409,-0.374,0.554,-0.50,0.00,0.00
1775255892.039,4.6364,4.9978,0.3115,38.4,-0.392,-0.247,0.463,-0.50,0.00,0.00
1775255892.093,4.6166,4.9853,0.3153,37.4,-0.372,-0.235,0.440,-0.50,0.00,0.00
1775255892.146,4.5958,4.9745,0.3162,36.6,-0.390,-0.202,0.439,-0.50,0.00,0.00
1775255892.199,4.5721,4.9615,0.3144,36.1,-0.445,-0.243,0.507,-0.50,0.00,0.00
1775255892.253,4.5497,4.9486,0.3112,35.3,-0.421,-0.242,0.485,-0.50,0.00,0.00
1775255892.306,4.5306,4.9352,0.3143,34.8,-0.357,-0.251,0.436,-0.50,0.00,0.00
1775255892.359,4.5098,4.9196,0.3163,34.4,-0.390,-0.293,0.488,-0.50,0.00,0.00
1775255892.413,4.4892,4.9035,0.3167,34.1,-0.387,-0.303,0.491,-0.50,0.00,0.00
1775255892.466,4.4644,4.8857,0.3130,33.8,-0.465,-0.332,0.571,-0.50,0.00,0.00
1775255892.519,4.4416,4.8691,0.3123,33.8,-0.428,-0.312,0.529,-0.50,0.00,0.00
1775255892.573,4.4222,4.8578,0.3136,33.7,-0.363,-0.213,0.421,-0.50,0.00,0.00
1775255892.626,4.4002,4.8445,0.3130,33.6,-0.413,-0.248,0.481,-0.50,0.00,0.00
1775255892.683,4.3723,4.8282,0.3088,33.5,-0.494,-0.289,0.572,-0.50,0.00,0.00
1775255892.736,4.3492,4.8164,0.3081,33.1,-0.433,-0.221,0.486,-0.50,0.00,0.00
1775255892.789,4.3314,4.8039,0.3114,33.2,-0.332,-0.234,0.406,-0.50,0.00,0.00
1775255892.843,4.3100,4.7890,0.3138,33.2,-0.402,-0.279,0.489,-0.50,0.00,0.00
1775255892.896,4.2892,4.7732,0.3145,33.2,-0.390,-0.297,0.490,-0.50,0.00,0.00
1775255892.949,4.2645,4.7573,0.3121,33.2,-0.462,-0.298,0.550,-0.50,0.00,0.00
1775255893.003,4.2417,4.7415,0.3126,33.3,-0.429,-0.296,0.521,-0.50,0.00,0.00
1775255893.059,4.2198,4.7306,0.3137,33.3,-0.385,-0.192,0.430,-0.50,0.00,0.00
1775255893.113,4.1963,4.7179,0.3125,33.3,-0.442,-0.239,0.502,-0.50,0.00,0.00
1775255893.166,4.1696,4.7018,0.3079,33.2,-0.501,-0.302,0.585,-0.50,0.00,0.00
1775255893.219,4.1491,4.6924,0.3105,33.0,-0.385,-0.176,0.423,-0.50,0.00,0.00
1775255893.273,4.1305,4.6783,0.3135,33.1,-0.348,-0.264,0.436,-0.50,0.00,0.00
1775255893.329,4.1083,4.6622,0.3153,33.2,-0.393,-0.285,0.486,-0.50,0.00,0.00
1775255893.383,4.0861,4.6446,0.3143,33.2,-0.416,-0.330,0.531,-0.50,0.00,0.00
1775255893.436,4.0619,4.6290,0.3114,33.3,-0.454,-0.292,0.540,-0.50,0.00,0.00
1775255893.489,4.0409,4.6152,0.3130,33.5,-0.393,-0.259,0.471,-0.50,0.00,0.00
1775255893.543,4.0210,4.6046,0.3134,33.5,-0.374,-0.198,0.423,-0.50,0.00,0.00
1775255893.596,3.9966,4.5907,0.3113,33.6,-0.458,-0.262,0.528,-0.50,0.00,0.00
1775255893.649,3.9706,4.5771,0.3070,33.4,-0.485,-0.254,0.547,-0.50,0.00,0.00
1775255893.703,3.9498,4.5638,0.3108,33.2,-0.393,-0.250,0.466,-0.50,0.00,0.00
1775255893.756,3.9297,4.5486,0.3132,33.4,-0.375,-0.285,0.471,-0.50,0.00,0.00
1775255893.809,3.9104,4.5341,0.3146,33.4,-0.362,-0.272,0.453,-0.50,0.00,0.00
1775255893.863,3.8868,4.5165,0.3129,33.5,-0.443,-0.330,0.552,-0.50,0.00,0.00
1775255893.916,3.8619,4.4995,0.3112,33.7,-0.467,-0.318,0.565,-0.50,0.00,0.00
1775255893.969,3.8422,4.4891,0.3132,33.8,-0.370,-0.195,0.418,-0.50,0.00,0.00
1775255894.023,3.8199,4.4775,0.3130,33.9,-0.417,-0.217,0.470,-0.50,0.00,0.00
1775255894.076,3.7949,4.4640,0.3100,33.9,-0.470,-0.255,0.534,-0.50,0.00,0.00
1775255894.129,3.7725,4.4540,0.3078,33.6,-0.420,-0.187,0.460,-0.50,0.00,0.00
1775255894.183,3.7530,4.4408,0.3121,33.6,-0.366,-0.248,0.442,-0.50,0.00,0.00
1775255894.236,3.7329,4.4267,0.3143,33.8,-0.377,-0.264,0.460,-0.50,0.00,0.00
1775255894.289,3.7114,4.4114,0.3151,33.9,-0.403,-0.287,0.495,-0.50,0.00,0.00
1775255894.343,3.6881,4.3943,0.3122,33.9,-0.437,-0.321,0.542,-0.50,0.00,0.00
1775255894.396,3.6651,4.3770,0.3112,34.1,-0.433,-0.326,0.542,-0.50,0.00,0.00
1775255894.449,3.6453,4.3654,0.3131,34.3,-0.368,-0.215,0.426,-0.50,0.00,0.00
1775255894.503,3.6235,4.3527,0.3125,34.3,-0.410,-0.240,0.475,-0.50,0.00,0.00
1775255894.556,3.5984,4.3382,0.3091,34.3,-0.472,-0.272,0.544,-0.50,0.00,0.00
1775255894.609,3.5735,4.3249,0.3071,34.0,-0.467,-0.250,0.529,-0.50,0.00,0.00
1775255894.662,3.5565,4.3123,0.3103,34.1,-0.320,-0.237,0.398,-0.50,0.00,0.00
1775255894.716,3.5367,4.2980,0.3131,34.1,-0.370,-0.268,0.457,-0.50,0.00,0.00
1775255894.769,3.5150,4.2810,0.3139,34.1,-0.405,-0.317,0.515,-0.50,0.00,0.00
1775255894.823,3.4923,4.2645,0.3112,34.1,-0.428,-0.311,0.529,-0.50,0.00,0.00
1775255894.876,3.4689,4.2479,0.3127,34.4,-0.438,-0.312,0.538,-0.50,0.00,0.00
1775255894.929,3.4507,4.2385,0.3137,34.4,-0.342,-0.177,0.385,-0.50,0.00,0.80
1775255894.986,3.4256,4.2241,0.3126,34.5,-0.442,-0.253,0.509,-0.50,0.00,0.80
1775255895.039,3.4017,4.2080,0.3077,34.8,-0.448,-0.301,0.540,-0.50,0.00,0.80
1775255895.093,3.3812,4.1961,0.3093,35.7,-0.383,-0.224,0.444,-0.50,0.00,0.80
1775255895.146,3.3632,4.1798,0.3137,37.5,-0.339,-0.306,0.456,-0.50,0.00,0.80
1775255895.199,3.3441,4.1631,0.3167,39.9,-0.357,-0.315,0.476,-0.50,0.00,0.80
1775255895.252,3.3256,4.1436,0.3171,42.9,-0.348,-0.364,0.504,-0.50,0.00,0.00
1775255895.306,3.3039,4.1226,0.3133,46.4,-0.406,-0.395,0.566,-0.50,0.00,0.00
1775255895.359,3.2931,4.1009,0.3132,49.3,-0.203,-0.405,0.453,-0.50,0.00,0.00
1775255895.412,3.2774,4.0875,0.3144,51.7,-0.296,-0.253,0.389,-0.50,0.00,0.00
1775255895.466,3.2625,4.0697,0.3136,53.9,-0.279,-0.334,0.436,-0.50,0.00,0.00
1775255895.522,3.2449,4.0479,0.3102,55.8,-0.309,-0.383,0.492,-0.50,0.00,0.00
1775255895.576,3.2347,4.0298,0.3074,56.9,-0.191,-0.339,0.389,-0.50,0.00,0.00
1775255895.630,3.2244,4.0101,0.3104,58.2,-0.191,-0.366,0.413,-0.50,0.00,0.00
1775255895.682,3.2142,3.9889,0.3134,59.2,-0.193,-0.401,0.445,-0.50,0.00,0.00
1775255895.736,3.2023,3.9626,0.3131,60.1,-0.224,-0.493,0.542,-0.50,0.00,0.00
1775255895.789,3.1921,3.9408,0.3133,61.0,-0.192,-0.411,0.454,-0.50,0.00,0.00
1775255895.842,3.1796,3.9158,0.3125,61.7,-0.233,-0.468,0.523,-0.50,0.00,0.00
1775255895.892,3.1677,3.9002,0.3133,62.3,-0.239,-0.312,0.393,-0.50,0.00,0.00
1775255895.946,3.1543,3.8797,0.3117,62.7,-0.249,-0.384,0.458,0.00,0.00,0.00
1775255895.999,3.1426,3.8551,0.3073,62.9,-0.222,-0.463,0.513,0.00,0.00,0.00
1775255896.052,3.1310,3.8383,0.3109,63.0,-0.217,-0.314,0.382,0.00,0.00,0.00
1775255896.106,3.1239,3.8213,0.3144,63.3,-0.133,-0.320,0.347,0.00,0.00,0.00
1775255896.159,3.1155,3.8042,0.3159,63.5,-0.156,-0.318,0.355,0.00,0.00,0.00
1775255896.212,3.1080,3.7902,0.3151,63.5,-0.142,-0.263,0.299,0.00,0.00,0.00
1775255896.269,3.1012,3.7775,0.3133,63.4,-0.121,-0.224,0.254,0.00,0.00,0.00
1775255896.322,3.0963,3.7711,0.3126,63.6,-0.091,-0.121,0.152,0.00,0.00,0.00
1775255896.376,3.0941,3.7673,0.3118,63.7,-0.041,-0.069,0.081,0.00,0.00,0.00
1775255896.429,3.0938,3.7661,0.3116,63.8,-0.006,-0.023,0.024,0.00,0.00,0.00
1775255896.480,3.0945,3.7664,0.3115,63.8,0.014,0.005,0.015,0.00,0.00,0.00
1775255896.532,3.0955,3.7673,0.3117,63.8,0.019,0.018,0.026,0.00,0.00,0.00
1775255896.586,3.0963,3.7683,0.3112,63.9,0.016,0.018,0.024,0.00,0.00,0.00
1775255896.636,3.0968,3.7691,0.3112,63.9,0.010,0.017,0.019,0.00,0.00,0.00
1775255896.689,3.0972,3.7700,0.3107,63.9,0.008,0.017,0.019,0.00,0.00,0.00
1775255896.742,3.0977,3.7712,0.3104,63.9,0.009,0.021,0.023,0.00,0.00,0.00
1775255896.796,3.0985,3.7727,0.3103,63.8,0.014,0.030,0.033,0.00,0.00,0.00
1775255896.849,3.0979,3.7737,0.3102,63.8,-0.011,0.018,0.022,0.00,0.00,0.00
1775255896.902,3.0976,3.7743,0.3099,63.8,-0.005,0.010,0.011,0.00,0.00,0.00
1775255896.956,3.0964,3.7744,0.3096,63.7,-0.022,0.002,0.022,0.00,0.00,0.00
1775255897.012,3.0955,3.7743,0.3097,63.7,-0.017,-0.001,0.017,0.00,0.00,0.00
1775255897.066,3.0946,3.7740,0.3104,63.7,-0.017,-0.007,0.019,0.00,0.00,0.00
1775255897.119,3.0940,3.7737,0.3110,63.8,-0.011,-0.005,0.012,0.00,0.00,0.00
1775255897.172,3.0939,3.7737,0.3112,63.7,-0.002,0.001,0.002,0.00,0.00,0.00
1775255897.226,3.0939,3.7738,0.3113,63.7,0.000,0.001,0.001,0.00,0.00,0.00
1775255897.282,3.0938,3.7737,0.3115,63.6,-0.002,-0.001,0.002,0.00,0.00,0.00
1775255897.336,3.0936,3.7736,0.3116,63.6,-0.005,-0.002,0.005,0.00,0.00,0.00
1775255897.389,3.0929,3.7737,0.3116,63.7,-0.013,0.002,0.013,0.00,0.00,0.00
1775255897.439,3.0932,3.7731,0.3117,64.0,0.006,-0.013,0.014,0.00,0.00,0.00
1775255897.489,3.0936,3.7724,0.3117,64.2,0.008,-0.013,0.016,0.00,0.00,0.00
1775255897.542,3.0936,3.7723,0.3114,64.5,0.000,-0.001,0.001,0.00,0.00,0.00
1775255897.596,3.0934,3.7727,0.3111,64.6,-0.003,0.006,0.007,0.00,0.00,0.00
1775255897.649,3.0930,3.7731,0.3106,64.7,-0.008,0.008,0.011,0.00,0.00,0.00
1775255897.702,3.0933,3.7732,0.3106,64.8,0.005,0.001,0.005,0.00,0.00,0.00
1775255897.756,3.0936,3.7732,0.3107,64.9,0.005,0.000,0.005,0.00,0.00,0.00
1775255897.809,3.0939,3.7732,0.3107,65.0,0.006,0.001,0.006,0.00,0.00,0.00
1775255897.866,3.0941,3.7734,0.3108,65.0,0.003,0.003,0.005,0.00,0.00,0.00
1775255897.919,3.0942,3.7735,0.3108,65.0,0.003,0.001,0.003,0.00,0.00,0.00
1775255897.973,3.0942,3.7736,0.3108,65.1,-0.001,0.002,0.003,0.00,0.00,0.00
1775255898.026,3.0942,3.7735,0.3108,65.0,0.001,-0.001,0.002,0.00,0.00,0.00
1775255898.079,3.0944,3.7736,0.3108,65.0,0.002,0.000,0.002,0.00,0.00,0.00
1775255898.132,3.0944,3.7736,0.3108,65.1,0.001,0.001,0.001,0.00,0.00,0.00
1775255898.185,3.0944,3.7737,0.3108,65.1,-0.000,0.002,0.002,0.00,0.00,0.00
1775255898.239,3.0945,3.7738,0.3108,65.1,0.003,0.001,0.003,0.00,0.00,0.00
1775255898.292,3.0947,3.7739,0.3108,65.1,0.003,0.001,0.003,0.00,0.00,0.00
1775255898.345,3.0947,3.7739,0.3108,65.1,0.001,0.001,0.001,0.00,0.00,0.00
1775255898.399,3.0947,3.7740,0.3108,65.2,0.000,0.001,0.001,0.00,0.00,0.00
1775255898.452,3.0947,3.7740,0.3108,65.2,-0.000,0.001,0.001,0.00,0.00,0.00
1775255898.505,3.0948,3.7740,0.3108,65.1,0.001,0.001,0.001,0.00,0.00,0.00
1775255898.559,3.0949,3.7741,0.3108,65.2,0.001,0.001,0.002,0.00,0.00,0.00
1775255898.612,3.0948,3.7741,0.3108,65.2,-0.001,-0.000,0.001,0.00,0.00,0.00
